{"cameraMode":{"drawMode":0,"name":"Shaded","section":"Shading Mode"},"sceneLighting":true,"audioPlay":false,"sceneViewState":{"showFog":true,"showMaterialUpdate":false,"showSkybox":true,"showFlares":true,"showImageEffects":true,"showParticleSystems":true},"in2DMode":false,"pivot":{"x":0.0,"y":0.5269900560379028,"z":-0.36509251594543459},"rotation":{"x":-0.08580118417739868,"y":0.9086030721664429,"z":-0.23133979737758637,"w":-0.33703285455703738},"size":8.609586715698243,"orthographic":true}